1;Serie/Numero CTRC;Tipo do Documento;Praca Expedidora;Data de Emissao;Data de Autorizacao;CNPJ Remetente;Cliente Remetente;Cidade do Remetente;UF do Remetente;CNPJ Pagador;Cliente Pagador;Cliente Destinatario;Cidade de Entrega;UF de Entrega;Unidade Receptora;Numero da Nota Fiscal;Valor da Mercadoria;Valor do Frete;Base Calculo ICMS/ISS;Valor do ICMS;Valor do ISS;Peso Calculado em Kg;ABC Pagador;Codigo da Ultima Ocorrencia;Data de inclusao da Ultima Ocorrencia;Data da Ultima Ocorrencia;Usuario da Ultima Ocorrencia;Unidade da Ultima Ocorrencia;Descricao da Ultima Ocorrencia;Latitude da Ultima Ocorrencia;Longitude da Ultima Ocorrencia;Previsao de Entrega;Entrega Programada;Data da Entrega Realizada;Quantidade de Dias de Atraso;Localizacao Atual;Data do Cancelamento;Motivo do Cancelamento;Codigo dos Correios;Notas Fiscais;Numero dos Pedidos;Chaves NF-es;Capa de Canhoto de NF;Volumes;Volume Cliente/Shipment;
2;CTB011208-9;NORMAL;CTBP;31/03/26;31/03/26;60881299000677;CNA S.A.;ALMIRANTE TAMANDARE;PR;60881299000677;CNA S.A.;ATACADAO S/A;PORTO ALEGRE;RS;POA;50301;    15329,50;       1333,85;       1279,85;    153,58;      0,00;       1129,240;B.; 01;07/04/2026;07/04/2026;lilianmf;DAG - POA;ENTREGUE EM 07/04/26 14:00H E FOI RECEBIDO POR ASS E CAR, PARENTESCO: , DOC N.:  (OPC 038).;;;07/04/2026;07/04/2026;07/04/26;0;CTRC ENTREGUE/BAIXADO;;;;50587, 50301;;41260360881299000677550010000505871694165011, 41260360881299000677550010000503011787315565 ;;125619119438-125619119596, 125619119597-125619119612 ;
2;CTB011209-7;CARGA FECHADA;CTBP;31/03/26;31/03/26;60881299000677;CNA S.A.;ALMIRANTE TAMANDARE;PR;60881299000677;CNA S.A.;COOPERATIVA DOS AGRICULTORES DE CHAPADA LTDA.;CHAPADA;RS;FEC;50364;     3766,80;        724,47;        706,47;     84,78;      0,00;        304,580;B.; 01;20/04/2026;20/04/2026;poa06;DAG - PFB;ENTREGUE EM 20/04/26 15:30H E FOI RECEBIDO POR ASS, PARENTESCO: , DOC N.:  (OPC 038).;;;16/04/2026;;20/04/26;2;CTRC ENTREGUE/BAIXADO;;;;50364;;41260360881299000677550010000503641790966539 ;;125619119613-125619119652 ;
2;CTB011210-1;NORMAL;CTBP;31/03/26;31/03/26;60881299000677;CNA S.A.;ALMIRANTE TAMANDARE;PR;60881299000677;CNA S.A.;FORTPEL COM DE DESCARTAVEIS LTDA;PORTO ALEGRE;RS;POA;49986;    10180,18;        463,40;        454,40;     54,53;      0,00;        191,710;B.; 01;14/04/2026;13/04/2026;poa06;DAG - POA;ENTREGUE EM 13/04/26 16:00H E FOI RECEBIDO POR ASSINATURA, PARENTESCO: , DOC N.:  (OPC 038).;;;13/04/2026;13/04/2026;13/04/26;0;CTRC ENTREGUE/BAIXADO;;;;49986, 49991;;41260360881299000677550010000499861215111953, 41260360881299000677550010000499911364691358 ;;125619119653-125619119701, 125619119702-125619119707 ;
2;CTB011211-9;NORMAL;CTBP;31/03/26;31/03/26;60881299000677;CNA S.A.;ALMIRANTE TAMANDARE;PR;60881299000677;CNA S.A.;MARIA SCHAU HANSEN;ESTANCIA VELHA;RS;QNS;50201;     5016,23;        230,24;        221,24;     26,55;      0,00;        196,670;B.; 01;07/04/2026;07/04/2026;qns-cris;DAG - QNS;ENTREGUE EM 07/04/26 14:00H E FOI RECEBIDO POR CARIMBO, PARENTESCO: , DOC N.:  (OPC 038).;;;14/04/2026;;07/04/26;0;CTRC ENTREGUE/BAIXADO;;;;50201, 50203;;41260360881299000677550010000502011697921851, 41260360881299000677550010000502031159197810 ;;125619119708-125619119753, 125619119754-125619119759 ;
2;CTB011212-7;NORMAL;CTBP;31/03/26;31/03/26;60881299000677;CNA S.A.;ALMIRANTE TAMANDARE;PR;60881299000677;CNA S.A.;QUIMICA SAO CIRO L;CAXIAS DO SUL;RS;CXJ;50361;     2616,78;        182,42;        173,42;     20,81;      0,00;        124,270;B.; 01;07/04/2026;07/04/2026;jenifer;CAM - CXS;ENTREGUE (SSWMOBILE);   -29,14857723;   -51,16503712;08/04/2026;;07/04/26;0;CTRC ENTREGUE/BAIXADO;;;;50361;;41260360881299000677550010000503611461095064 ;;125619119802-125619119825 ;
2;CTB011213-5;NORMAL;CTBP;31/03/26;31/03/26;60881299000677;CNA S.A.;ALMIRANTE TAMANDARE;PR;60881299000677;CNA S.A.;SUPERMERCADO OSANA LTDA;NOVO HAMBURGO;RS;QNS;50362;     2953,00;        140,64;        136,14;     16,34;      0,00;         61,050;B.; 01;20/04/2026;17/04/2026;qns-cris;DAG - QNS;ENTREGUE EM 17/04/26 18:00H E FOI RECEBIDO POR CARIMBO, PARENTESCO: , DOC N.:  (OPC 038).;;;17/04/2026;17/04/2026;17/04/26;0;CTRC ENTREGUE/BAIXADO;;;;50362;;41260360881299000677550010000503621674487080 ;;125619128257-125619128284 ;
2;CTB011214-3;NORMAL;CTBP;31/03/26;31/03/26;60881299000677;CNA S.A.;ALMIRANTE TAMANDARE;PR;60881299000677;CNA S.A.;FABESUL MAT ESCRIT LTDA;PORTO ALEGRE;RS;POA;50295;     1081,85;        365,64;        361,14;     43,34;      0,00;         17,590;B.; 01;07/04/2026;07/04/2026;lilianmf;DAG - POA;ENTREGUE EM 07/04/26 15:00H E FOI RECEBIDO POR ASSINADO E CARIMBADO, PARENTESCO: , DOC N.:  (OPC 038).;;;08/04/2026;;07/04/26;0;CTRC ENTREGUE/BAIXADO;;;;50295;;41260360881299000677550010000502951628350006 ;;125619128294-125619128300 ;
2;CTB011215-1;NORMAL;CTBP;31/03/26;31/03/26;60881299000677;CNA S.A.;ALMIRANTE TAMANDARE;PR;60881299000677;CNA S.A.;ALQUIMIS QUIMICA INDUSTRIAL LT;SAO LEOPOLDO;RS;QNS;50363;     2673,51;        128,14;        123,64;     14,84;      0,00;         40,180;B.; 01;07/04/2026;07/04/2026;qns-cris;DAG - QNS;ENTREGUE EM 07/04/26 15:00H E FOI RECEBIDO POR CARIMBO, PARENTESCO: , DOC N.:  (OPC 038).;;;13/04/2026;;07/04/26;0;CTRC ENTREGUE/BAIXADO;;;;50363;;41260360881299000677550010000503631772700045 ;;125619128304-125619128317 ;
2;CTB011216-0;NORMAL;CTBP;31/03/26;31/03/26;60881299000677;CNA S.A.;ALMIRANTE TAMANDARE;PR;60881299000677;CNA S.A.;CAMPS DISTRIBUIDORA DE PRODUTOS DE LIMPEZA LTDA;PORTO ALEGRE;RS;POA;50585;     3468,56;        128,14;        123,64;     14,84;      0,00;         42,750;B.; 01;07/04/2026;07/04/2026;lilianmf;DAG - POA;ENTREGUE EM 07/04/26 15:00H E FOI RECEBIDO POR ASSINADO E CARIMBADO, PARENTESCO: , DOC N.:  (OPC 038).;;;08/04/2026;;07/04/26;0;CTRC ENTREGUE/BAIXADO;;;;50585;;41260360881299000677550010000505851300817621 ;;125619129732-125619129755 ;
2;CTB011217-8;NORMAL;CTBP;31/03/26;31/03/26;60881299000677;CNA S.A.;ALMIRANTE TAMANDARE;PR;60881299000677;CNA S.A.;SUPERMERCADOS KERN LTDA;IVOTI;RS;QNS;50366;     5039,97;        375,38;        357,38;     42,89;      0,00;        351,080;B.; 01;09/04/2026;08/04/2026;qns-cris;DAG - QNS;ENTREGUE EM 08/04/26 17:00H E FOI RECEBIDO POR CARIMBO, PARENTESCO: , DOC N.:  (OPC 038).;;;14/04/2026;;08/04/26;0;CTRC ENTREGUE/BAIXADO;;;;50366;;41260360881299000677550010000503661197626796 ;;125619130846-125619130886 ;
2;CTB011220-8;COMPLEMENTAR FRETE;CTBP;31/03/26;31/03/26;60881299000677;CNA S.A.;ALMIRANTE TAMANDARE;PR;60881299000677;CNA S.A.;OSMAR NICOLINI CIA LTDA;BAGE;RS;FRO;49453;     1730,97;        329,71;        329,71;     39,57;      0,00;         24,880;B.; 93;31/03/2026;31/03/2026;;;CTRC EMITIDO P/ COMPL. DO CTB011075-2 CT-E 028 000017634 41260311758701000887570280000176341000619448 - AUTORIZADA NO E-MAIL ;;;14/04/2026;;;0;CTRC ENTREGUE/BAIXADO;;;;49453;;41260260881299000677550010000494531740088738 ;;125618606105-125618606114 ;
2;CTB011221-6;NORMAL;CTBP;01/04/26;01/04/26;60881299000677;CNA S.A.;ALMIRANTE TAMANDARE;PR;60881299000677;CNA S.A.;W M S SUPERMERCADOS DO BRASIL;PORTO ALEGRE;RS;POA;50496;    24919,16;       2154,25;       2059,75;    247,17;      0,00;       2015,300;B.; 01;15/04/2026;15/04/2026;lilianmf;DAG - POA;ENTREGUE EM 15/04/26 11:00H E FOI RECEBIDO POR ASSINADO E CARIMBADO, PARENTESCO: , DOC N.:  (OPC 038).;;;15/04/2026;15/04/2026;15/04/26;0;CTRC ENTREGUE/BAIXADO;;;;50874, 50875, 50496;;41260360881299000677550010000508741982416719, 41260360881299000677550010000508751328814937, 41260360881299000677550010000504961416513902 ;;125619183976-125619183979, 125619183980-125619184005, 125619184006-125619184336 ;
2;CTB011222-4;NORMAL;CTBP;01/04/26;01/04/26;60881299000677;CNA S.A.;ALMIRANTE TAMANDARE;PR;60881299000677;CNA S.A.;COOP AGRICOLA MISTA GAL OSORIO;IBIRUBA;RS;PFB;50298;    15312,10;       2025,78;       1967,28;    236,07;      0,00;       1218,190;B.; 01;17/04/2026;16/04/2026;pfb-adri;DAG - PFB;ENTREGUE EM 16/04/26 17:00H E FOI RECEBIDO POR CAUA, PARENTESCO: , DOC N.:  (OPC 038).;;;16/04/2026;;16/04/26;0;CTRC ENTREGUE/BAIXADO;;;;50298;;41260360881299000677550010000502981949779645 ;;125619185096-125619185230 ;
2;CTB011223-2;NORMAL;CTBP;01/04/26;01/04/26;60881299000677;CNA S.A.;ALMIRANTE TAMANDARE;PR;60881299000677;CNA S.A.;CONESUL MATERIAIS DE ESCRITORIO LTDA EPP;NOVO HAMBURGO;RS;QNS;50326;     5853,70;        140,64;        136,14;     16,34;      0,00;         91,150;B.; 01;07/04/2026;07/04/2026;qns-cris;DAG - QNS;ENTREGUE EM 07/04/26 16:00H E FOI RECEBIDO POR CARIMBO, PARENTESCO: , DOC N.:  (OPC 038).;;;14/04/2026;;07/04/26;0;CTRC ENTREGUE/BAIXADO;;;;50326;;41260360881299000677550010000503261726012367 ;;125619185231-125619185264 ;
2;CTB011225-9;NORMAL;CTBP;01/04/26;01/04/26;60881299000677;CNA S.A.;ALMIRANTE TAMANDARE;PR;60881299000677;CNA S.A.;G LOPES E CIA LTDA;ROLANDIA;PR;LDA;50433;    17474,41;        322,69;        322,69;      0,00;      0,00;        338,360;B.; 01;13/04/2026;13/04/2026;kemilly;LUC - LDB;ENTREGA REALIZADA (SSWMOBILE);   -23,29271167;   -51,13564667;14/04/2026;;13/04/26;0;CTRC ENTREGUE/BAIXADO;;;;50435, 50433;;41260360881299000677550010000504351400424276, 41260360881299000677550010000504331769804214 ;;125619185968-125619185972, 125619185973-125619186088 ;
2;CTB011227-5;NORMAL;CTBP;02/04/26;02/04/26;60881299000677;CNA S.A.;ALMIRANTE TAMANDARE;PR;60881299000677;CNA S.A.;SUPERMERCADO VIANA LTDA. - ME;APUCARANA;PR;LDA;50431;     3286,00;        113,30;        113,30;      0,00;      0,00;         49,950;B.; 01;16/04/2026;15/04/2026;luizgc;LUC - APU;ENTREGA REALIZADA EM 15/04/26 16:00H E FOI RECEBIDO POR ASSINATURA, PARENTESCO: , DOC N.:  (OPC 038).;;;15/04/2026;;15/04/26;0;CTRC ENTREGUE/BAIXADO;;;;50431;;41260360881299000677550010000504311831130515 ;;125619378838-125619378866 ;
2;CTB011228-3;NORMAL;CTBP;02/04/26;02/04/26;60881299000677;CNA S.A.;ALMIRANTE TAMANDARE;PR;60881299000677;CNA S.A.;SUPERMERCADO E PANIFICADORA SABIONE LTDA;SANTA MARIANA;PR;LDA;50432;     3851,18;        124,30;        124,30;      0,00;      0,00;         62,140;B.; 01;14/04/2026;14/04/2026;kemilly;LUC - LDB;ENTREGA REALIZADA (SSWMOBILE);   -23,29263833;   -51,13565500;15/04/2026;;14/04/26;0;CTRC ENTREGUE/BAIXADO;;;;50432;;41260360881299000677550010000504321201510901 ;;125619378867-125619378891 ;
2;CTB011229-1;NORMAL;CTBP;02/04/26;02/04/26;60881299000677;CNA S.A.;ALMIRANTE TAMANDARE;PR;60881299000677;CNA S.A.;WMS SUPERMERCADOS DO BRASIL LT;PELOTAS;RS;PET;50494;     3778,89;        428,14;        423,64;     50,84;      0,00;         61,430;B.; 01;15/04/2026;14/04/2026;pet-roge;DAG - PET;ENTREGUE EM 14/04/26 16:30H E FOI RECEBIDO POR FRANCINE, PARENTESCO: , DOC N.: CARIMBO (OPC 038).;;;14/04/2026;14/04/2026;14/04/26;0;CTRC ENTREGUE/BAIXADO;;;;50494;;41260360881299000677550010000504941535045363 ;;125619378892-125619378911 ;
2;CTB011230-5;CARGA FECHADA;CTBP;02/04/26;02/04/26;60881299000677;CNA S.A.;ALMIRANTE TAMANDARE;PR;60881299000677;CNA S.A.;IRMAOS BERTI LTDA;GRAMADO;RS;FEC;50328;     3933,77;        428,14;        423,64;     50,84;      0,00;         68,830;B.; 01;27/04/2026;24/04/2026;rodovias;DAG - FEC;ENTREGA REALIZADA Recebido por: GRAZIELA doc: (SSW WebAPI Parceiro);;;13/04/2026;;24/04/26;8;CTRC ENTREGUE/BAIXADO;;;;50328;;41260360881299000677550010000503281165345928 ;;125619378912-125619378942 ;
2;CTB011231-3;NORMAL;CTBP;02/04/26;02/04/26;60881299000677;CNA S.A.;ALMIRANTE TAMANDARE;PR;60881299000677;CNA S.A.;FRIZON E OSTER LTDA;PANAMBI;RS;IJU;50297;     1707,20;        178,14;        173,64;     20,84;      0,00;         22,160;B.; 01;11/04/2026;10/04/2026;iju-maip;DAG - IJU;ENTREGUE EM 10/04/26 18:00H E FOI RECEBIDO POR EDUARDO, PARENTESCO: , DOC N.: CARIMBO (OPC 038).;;;16/04/2026;;10/04/26;0;CTRC ENTREGUE/BAIXADO;;;;50297;;41260360881299000677550010000502971137479852 ;;125619378943-125619378951 ;
2;CTB011232-1;NORMAL;CTBP;02/04/26;02/04/26;60881299000677;CNA S.A.;ALMIRANTE TAMANDARE;PR;60881299000677;CNA S.A.;JUNIOR DIST DE SUP CORPORATIVO;PORTO ALEGRE;RS;POA;50296;      640,18;        128,14;        123,64;     14,84;      0,00;         10,410;B.; 01;10/04/2026;09/04/2026;poa06;DAG - POA;ENTREGUE EM 09/04/26 10:00H E FOI RECEBIDO POR ASS, PARENTESCO: , DOC N.:  (OPC 038).;;;10/04/2026;;09/04/26;0;CTRC ENTREGUE/BAIXADO;;;;50296;;41260360881299000677550010000502961951833118 ;;125619378952-125619378957 ;
2;CTB011233-0;NORMAL;CTBP;02/04/26;02/04/26;60881299000677;CNA S.A.;ALMIRANTE TAMANDARE;PR;60881299000677;CNA S.A.;CALIONE BAVARESCO EAMP CIA LTDA ME;NOVA BASSANO;RS;CXJ;50299;     1746,01;        244,67;        235,67;     28,28;      0,00;        135,650;B.; 01;13/04/2026;13/04/2026;jenifer;CAM - GUA;ENTREGUE (SSWMOBILE);   -29,14854893;   -51,16517448;14/04/2026;;13/04/26;0;CTRC ENTREGUE/BAIXADO;;;;50299;;41260360881299000677550010000502991623600054 ;;125619378958-125619378974 ;
2;CTB011234-8;CARGA FECHADA;CTBP;02/04/26;02/04/26;60881299000677;CNA S.A.;ALMIRANTE TAMANDARE;PR;60881299000677;CNA S.A.;SUPERMERCADO WAGNER LTDA;SARANDI;RS;FEC;50365;     6026,77;        408,24;        403,74;     48,45;      0,00;         85,530;B.; 01;27/04/2026;22/04/2026;lilianmf;DAG - POA;ENTREGUE EM 22/04/26 17:00H E FOI RECEBIDO POR ASSINATURA E CARIMBO, PARENTESCO: , DOC N.:  (OPC 038).;;;15/04/2026;;22/04/26;4;CTRC ENTREGUE/BAIXADO;;;;50365;;41260360881299000677550010000503651561610440 ;;125619378979-125619379011 ;
2;CTB011235-6;NORMAL;CTBP;02/04/26;02/04/26;60881299000677;CNA S.A.;ALMIRANTE TAMANDARE;PR;60881299000677;CNA S.A.;SUPERMERCADO SUPERPAO LTDA;GUARAPUAVA;PR;PNG;50434;    21085,61;        621,02;        621,02;      0,00;      0,00;        353,400;B.; 01;17/04/2026;16/04/2026;thiagow;LUC - GRP;ENTREGA REALIZADA EM 16/04/26 18:00H E FOI RECEBIDO POR JEOGENES, PARENTESCO: , DOC N.:  (OPC 038).;;;16/04/2026;16/04/2026;16/04/26;0;CTRC ENTREGUE/BAIXADO;;;;50434, 50436;;41260360881299000677550010000504341267185140, 41260360881299000677550010000504361927173750 ;;125619379012-125619379083, 125619379084-125619379118 ;
2;CTB011236-4;NORMAL;CTBP;02/04/26;02/04/26;60881299000677;CNA S.A.;ALMIRANTE TAMANDARE;PR;60881299000677;CNA S.A.;WMS SUPERMERCADOS DO BRASIL LTDA;CACHOEIRINHA;RS;POA;50495;     8435,25;       1012,75;        976,75;    117,21;      0,00;        785,190;B.; 15;24/04/2026;24/04/2026;vitoriaa;DAG - GRU;ENTREGA AGENDADA P/ 04/05/26 08:00 - CONTATO EMAIL, FONE 0000.;;;04/05/2026;04/05/2026;;0;DAG POA - NO ARMAZEM DA UNIDADE GRUPO DAGO PORTO ALEGRE;;;;50495;;41260360881299000677550010000504951108397912 ;;125619380801-125619380949 ;
2;CTB011237-2;NORMAL;CTBP;02/04/26;02/04/26;60881299000677;CNA S.A.;ALMIRANTE TAMANDARE;PR;60881299000677;CNA S.A.;SUPERMERCADO GUGUY LTDA;ALTO PARANA;PR;MGA;50430;    10991,89;        434,37;        434,37;      0,00;      0,00;        174,870;B.; 01;18/04/2026;18/04/2026;jheniffr;LUC - PVI;ENTREGA REALIZADA EM 18/04/26, IDENTIFICADA POR CAPTURA MECANICA DE IMAGEM ANEXA. (SSWScan);;;16/04/2026;16/04/2026;18/04/26;1;CTRC ENTREGUE/BAIXADO;;;;50430;;41260360881299000677550010000504301866999901 ;;125619380955-125619381020 ;
2;CTB011238-1;NORMAL;CTBP;02/04/26;02/04/26;60881299000677;CNA S.A.;ALMIRANTE TAMANDARE;PR;60881299000677;CNA S.A.;ASSOCIACAO PASSOFUNDENSE DE SUPERMERCADOS;PASSO FUNDO;RS;PFB;50329;     8773,13;        491,66;        482,66;     57,92;      0,00;        142,550;B.; 01;09/04/2026;09/04/2026;pfb-adri;DAG - PFB;ENTREGUE EM 09/04/26 16:00H E FOI RECEBIDO POR LUIS, PARENTESCO: , DOC N.:  (OPC 038).;;;15/04/2026;;09/04/26;0;CTRC ENTREGUE/BAIXADO;;;;50329, 50359;;41260360881299000677550010000503291390970670, 41260360881299000677550010000503591960408949 ;;125619381021-125619381069, 125619381070-125619381072 ;
2;CTB011239-9;NORMAL;CTBP;02/04/26;02/04/26;60881299000677;CNA S.A.;ALMIRANTE TAMANDARE;PR;60881299000677;CNA S.A.;WMS SUPERMERCADOS DO BRASIL LT;PELOTAS;RS;PET;50768;     9311,14;       2049,28;       1990,78;    238,89;      0,00;       1235,280;B.; 01;15/04/2026;14/04/2026;pet-roge;DAG - PET;ENTREGUE EM 14/04/26 16:30H E FOI RECEBIDO POR FRANCINE, PARENTESCO: , DOC N.: CARIMBO (OPC 038).;;;14/04/2026;14/04/2026;14/04/26;0;CTRC ENTREGUE/BAIXADO;;;;50768;;41260360881299000677550010000507681753972556 ;;125619392604-125619392746 ;
2;CTB011240-2;CARGA FECHADA;CTBP;02/04/26;02/04/26;60881299000677;CNA S.A.;ALMIRANTE TAMANDARE;PR;60881299000677;CNA S.A.;GILBERTO DE LIMA CURTINAZ;CAMAQUA;RS;FEC;50327;     6570,39;        379,67;        366,17;     43,94;      0,00;        230,190;B.; 01;09/04/2026;09/04/2026;rodovias;DAG - FEC;ENTREGA REALIZADA Recebido por: GABRIELA C  CARIMBO doc: (SSW WebAPI Parceiro);;;13/04/2026;;09/04/26;0;CTRC ENTREGUE/BAIXADO;;;;50327;;41260360881299000677550010000503271341023552 ;;125619395865-125619395916 ;
2;CTB011241-1;COMPLEMENTAR FRETE;CTBP;02/04/26;02/04/26;60881299000677;CNA S.A.;ALMIRANTE TAMANDARE;PR;60881299000677;CNA S.A.;RAIA DROGASIL S/A;GRAVATAI;RS;POA;49930;     3280,20;        494,56;        494,56;     59,35;      0,00;         78,100;B.; 93;02/04/2026;02/04/2026;;;CTRC EMITIDO P/ COMPL. DO CTB011139-2 CT-E 028 000017703 41260311758701000887570280000177031000630009 - AUTORIZADO NO EMAIL ;;;13/04/2026;;;0;CTRC ENTREGUE/BAIXADO;;;;49930;;41260360881299000677550010000499301236970682 ;;125618931394-125618931451 ;
2;CTB011244-5;COMPLEMENTAR FRETE;CTBP;07/04/26;07/04/26;60881299000677;CNA S.A.;ALMIRANTE TAMANDARE;PR;60881299000677;CNA S.A.;OSMAR NICOLINI CIA LTDA;BAGE;RS;FRO;49453;     1730,97;         32,97;         32,97;      3,96;      0,00;         24,880;B.; 93;07/04/2026;07/04/2026;;;CTRC EMITIDO P/ COMPL. DO CTB011075-2 CT-E 028 000017634 41260311758701000887570280000176341000619448 - AUTORIZADO NO E-MAIL ;;;17/04/2026;;;0;CTRC ENTREGUE/BAIXADO;;;;49453;;41260260881299000677550010000494531740088738 ;;125618606105-125618606114 ;
2;CTB011245-3;NORMAL;CTBP;07/04/26;07/04/26;60881299000677;CNA S.A.;ALMIRANTE TAMANDARE;PR;60881299000677;CNA S.A.;ATACADAO DISTRIBUICAO COMERCIO;SAPUCAIA DO SUL;RS;POA;50300;    27918,77;       2726,84;       2605,34;    312,64;      0,00;       2634,500;B.; 01;17/04/2026;17/04/2026;lilianmf;DAG - POA;ENTREGUE EM 17/04/26 16:00H E FOI RECEBIDO POR ASSINATURA E CARIMBO, PARENTESCO: , DOC N.:  (OPC 038).;;;17/04/2026;17/04/2026;17/04/26;0;CTRC ENTREGUE/BAIXADO;;;;50497, 50300;;41260360881299000677550010000504971394763550, 41260360881299000677550010000503001970884975 ;;125619514863-125619515164, 125619515165-125619515191 ;
2;CTB011246-1;COMPLEMENTAR FRETE;CTBP;07/04/26;07/04/26;60881299000677;CNA S.A.;ALMIRANTE TAMANDARE;PR;60881299000677;CNA S.A.;BELLER COMERCIO DE PAPEIS LTDA;CACHOEIRINHA;RS;POA;49913;    16392,28;        329,71;        329,71;     39,57;      0,00;        239,040;B.; 93;07/04/2026;07/04/2026;;;CTRC EMITIDO P/ COMPL. DO CTB011103-1 CT-E 028 000017667 41260311758701000887570280000176671000626216 - APROVADO VIA E-MAIL ;;;15/04/2026;;;0;CTRC ENTREGUE/BAIXADO;;;;49913;;41260360881299000677550010000499131530717955 ;;125618790370-125618790485 ;
2;CTB011247-0;COMPLEMENTAR FRETE;CTBP;07/04/26;07/04/26;60881299000677;CNA S.A.;ALMIRANTE TAMANDARE;PR;60881299000677;CNA S.A.;SUPERMERCADO GUANABARA S/A;RIO GRANDE;RS;PET;49748;     4760,15;         48,36;         48,36;      5,80;      0,00;         77,400;B.; 93;07/04/2026;07/04/2026;;;CTRC EMITIDO P/ COMPL. DO CTB011070-1 CT-E 028 000017629 41260311758701000887570280000176291000619359 - APROVADA VIA EMAIL ;;;17/04/2026;;;0;CTRC ENTREGUE/BAIXADO;;;;49749, 49748;;41260360881299000677550010000497491594520496, 41260360881299000677550010000497481479942807 ;;125618598996-125618599012, 125618599013-125618599021 ;
2;CTB011248-8;COMPLEMENTAR FRETE;CTBP;07/04/26;07/04/26;60881299000677;CNA S.A.;ALMIRANTE TAMANDARE;PR;60881299000677;CNA S.A.;SUPERMERCADO GUANABARA S/A;RIO GRANDE;RS;PET;49748;     4760,15;        329,71;        329,71;     39,57;      0,00;         77,400;B.; 93;07/04/2026;07/04/2026;;;CTRC EMITIDO P/ COMPL. DO CTB011070-1 CT-E 028 000017629 41260311758701000887570280000176291000619359 - AUTORIZADO VIA E-MAIL ;;;17/04/2026;;;0;CTRC ENTREGUE/BAIXADO;;;;49749, 49748;;41260360881299000677550010000497491594520496, 41260360881299000677550010000497481479942807 ;;125618598996-125618599012, 125618599013-125618599021 ;
2;CTB011255-1;REENTREGA;CTBP;08/04/26;08/04/26;60881299000677;CNA S.A.;ALMIRANTE TAMANDARE;PR;60881299000677;CNA S.A.;SUPERMERCADOS BELTRAME LTDA;SANTA MARIA;RS;FRO;49877;    24630,85;        850,69;        828,19;     99,38;      0,00;        993,200;B.; 93;08/04/2026;08/04/2026;;;CTRC NA ORIGEM INFORMADO PARA REENTREGA DO CTRC: CTB011105-8 CT-E 028 000017669;;;20/04/2026;;;0;CTRC ENTREGUE/BAIXADO;;;;49877, 49879, 49878;;41260360881299000677550010000498771952922992, 41260360881299000677550010000498791440407872, 41260360881299000677550010000498781741574460 ;;125619594149-125619594151, 125619594152-125619594157, 125619594158-125619594312 ;
2;CTB011261-5;NORMAL;CTBP;09/04/26;09/04/26;60881299000677;CNA S.A.;ALMIRANTE TAMANDARE;PR;60881299000677;CNA S.A.;WMS SUPERMERCADOS DO BRASIL;GRAVATAI;RS;QNS;50766;    10336,27;       1115,47;       1074,97;    129,00;      0,00;        896,840;B.; 01;20/04/2026;17/04/2026;qns-cris;DAG - QNS;ENTREGUE EM 17/04/26 16:00H E FOI RECEBIDO POR CARIMBO, PARENTESCO: , DOC N.:  (OPC 038).;;;17/04/2026;17/04/2026;17/04/26;0;CTRC ENTREGUE/BAIXADO;;;;50766, 50773;;41260360881299000677550010000507661684703445, 41260360881299000677550010000507731874975505 ;;125619683480-125619683619, 125619683620-125619683626 ;
2;CTB011262-3;NORMAL;CTBP;09/04/26;09/04/26;60881299000677;CNA S.A.;ALMIRANTE TAMANDARE;PR;60881299000677;CNA S.A.;WMS SUPERMERCADOS DO BRASIL;NOVO HAMBURGO;RS;QNS;50952;    30068,37;       2112,05;       2022,05;    242,65;      0,00;       1971,340;B.; 01;20/04/2026;16/04/2026;qns-cris;DAG - QNS;ENTREGUE EM 16/04/26 16:00H E FOI RECEBIDO POR CARIMBO, PARENTESCO: , DOC N.:  (OPC 038).;;;16/04/2026;16/04/2026;16/04/26;0;CTRC ENTREGUE/BAIXADO;;;;51345, 51186, 50957, 50952;;41260360881299000677550010000513451751776197, 41260360881299000677550010000511861772782430, 41260360881299000677550010000509571790902865, 41260360881299000677550010000509521881230146 ;;125619684825-125619684827, 125619684828-125619684830, 125619684831-125619684893, 125619684894-125619685103 ;
2;CTB011263-1;NORMAL;CTBP;09/04/26;09/04/26;60881299000677;CNA S.A.;ALMIRANTE TAMANDARE;PR;60881299000677;CNA S.A.;MASTER ATS SUPERMERCADOS LTDA;ERECHIM;RS;ERM;50772;     3814,14;        428,14;        423,64;     50,84;      0,00;         53,380;B.; 01;23/04/2026;22/04/2026;pfb-adri;DAG - ERM;ENTREGUE EM 22/04/26 17:00H E FOI RECEBIDO POR CARINE, PARENTESCO: , DOC N.:  (OPC 038).;;;22/04/2026;22/04/2026;22/04/26;0;CTRC ENTREGUE/BAIXADO;;;;50772;;41260360881299000677550010000507721358621846 ;;125619685104-125619685121 ;
2;CTB011264-0;NORMAL;CTBP;09/04/26;09/04/26;60881299000677;CNA S.A.;ALMIRANTE TAMANDARE;PR;60881299000677;CNA S.A.;MASTER ATS SUPERMERCADOS;ERECHIM;RS;ERM;50771;     5006,06;        428,14;        423,64;     50,84;      0,00;         69,680;B.; 01;23/04/2026;22/04/2026;pfb-adri;DAG - ERM;ENTREGUE EM 22/04/26 17:00H E FOI RECEBIDO POR NAELI, PARENTESCO: , DOC N.:  (OPC 038).;;;22/04/2026;22/04/2026;22/04/26;0;CTRC ENTREGUE/BAIXADO;;;;50771;;41260360881299000677550010000507711973684784 ;;125619685122-125619685144 ;
2;CTB011265-8;NORMAL;CTBP;09/04/26;09/04/26;60881299000677;CNA S.A.;ALMIRANTE TAMANDARE;PR;60881299000677;CNA S.A.;ATACADAO SA;ESTRELA;RS;LJE;50825;    12774,69;       1424,25;       1388,25;    166,59;      0,00;        798,940;B.; 01;22/04/2026;22/04/2026;crisrech;BRU - BRI;ENTREGUE EM 22/04/26 14:27H E FOI RECEBIDO POR MARINA, PARENTESCO: , DOC N.:  (OPC 038).;;;22/04/2026;22/04/2026;22/04/26;0;CTRC ENTREGUE/BAIXADO;;;;50825, 50827;;41260360881299000677550010000508251968750424, 41260360881299000677550010000508271798656168 ;;125619685145-125619685164, 125619685165-125619685256 ;
2;CTB011267-4;NORMAL;CTBP;09/04/26;09/04/26;60881299000677;CNA S.A.;ALMIRANTE TAMANDARE;PR;60881299000677;CNA S.A.;WMS SUPERMERC BRASIL LTDA;SANTO ANGELO;RS;IJU;50955;    28761,54;        931,78;        909,28;    109,11;      0,00;        451,030;B.; 01;18/04/2026;17/04/2026;iju-maip;DAG - IJU;ENTREGUE EM 17/04/26 18:00H E FOI RECEBIDO POR PIETRA, PARENTESCO: , DOC N.: CARIMBO (OPC 038).;;;24/04/2026;;17/04/26;0;CTRC ENTREGUE/BAIXADO;;;;50955;;41260360881299000677550010000509551228531928 ;;125619685433-125619685571 ;
2;CTB011269-1;NORMAL;CTBP;09/04/26;09/04/26;60881299000677;CNA S.A.;ALMIRANTE TAMANDARE;PR;60881299000677;CNA S.A.;WMS SUPERMERCADO DO BRASIL LTD;PORTO ALEGRE;RS;POA;50876;    12010,61;       1242,33;       1192,83;    143,14;      0,00;       1030,370;B.; 01;16/04/2026;16/04/2026;lilianmf;DAG - POA;ENTREGUE EM 16/04/26 13:00H E FOI RECEBIDO POR ASSINATURA E CARIMBO, PARENTESCO: , DOC N.:  (OPC 038).;;;16/04/2026;16/04/2026;16/04/26;0;CTRC ENTREGUE/BAIXADO;;;;50876, 50877, 50881;;41260360881299000677550010000508761207957610, 41260360881299000677550010000508771148654871, 41260360881299000677550010000508811617221495 ;;125619686991-125619687014, 125619687015-125619687131, 125619687132-125619687138 ;
2;CTB011270-4;NORMAL;CTBP;09/04/26;09/04/26;60881299000677;CNA S.A.;ALMIRANTE TAMANDARE;PR;60881299000677;CNA S.A.;WMS SUPERMERCADOS DO BRASIL;URUGUAIANA;RS;FRO;50913;    29659,00;       2816,18;       2735,18;    328,22;      0,00;       1773,950;B.; 01;22/04/2026;22/04/2026;fro-jrmc;DAG - FRO;ENTREGUE EM 22/04/26 17:00H E FOI RECEBIDO POR RUBRICA, PARENTESCO: , DOC N.:  (OPC 038).;;;20/04/2026;20/04/2026;22/04/26;1;CTRC ENTREGUE/BAIXADO;;;;50914, 50913, 51079, 50954;;41260360881299000677550010000509141476796112, 41260360881299000677550010000509131805392060, 41260360881299000677550010000510791902569529, 41260360881299000677550010000509541674142467 ;;125619688601-125619688841, 125619688842-125619688893, 125619688894-125619688900, 125619688901-125619688910 ;
2;CTB011276-3;NORMAL;CTBP;10/04/26;10/04/26;60881299000677;CNA S.A.;ALMIRANTE TAMANDARE;PR;60881299000677;CNA S.A.;ATACADAO S/A;VIAMAO;RS;POA;50987;    21401,79;        621,81;        603,81;     72,46;      0,00;        361,300;B.; 15;24/04/2026;24/04/2026;vitoriaa;DAG - GRU;ENTREGA AGENDADA P/ 04/05/26 08:00 - CONTATO EMAIL, FONE 0000.;;;04/05/2026;04/05/2026;;0;DAG POA - NO ARMAZEM DA UNIDADE GRUPO DAGO PORTO ALEGRE;;;;50989, 51040, 50987;;41260360881299000677550010000509891708653812, 41260360881299000677550010000510401317085110, 41260360881299000677550010000509871499378828 ;;125619757736-125619757740, 125619757741-125619757743, 125619757744-125619757845 ;
2;CTB011277-1;NORMAL;CTBP;10/04/26;10/04/26;60881299000677;CNA S.A.;ALMIRANTE TAMANDARE;PR;60881299000677;CNA S.A.;PGL DISTRIBUICAO DE ALIMENTOS;BAGE;RS;POA;50990;    84516,56;       4461,81;       4326,81;    519,22;      0,00;       2917,060;B.; 61;14/04/2026;14/04/2026;lilianmf;DAG - POA;NO ATO DA DESCARGA FOI CONSTATADO FALTA DE 1 VOL. COD 3111006;;;24/04/2026;;;3;DAG POA - NO ARMAZEM DA UNIDADE GRUPO DAGO PORTO ALEGRE;;;;50990;;41260360881299000677550010000509901906433429 ;;125619760639-125619761145 ;
2;CTB011278-0;NORMAL;CTBP;10/04/26;10/04/26;60881299000677;CNA S.A.;ALMIRANTE TAMANDARE;PR;60881299000677;CNA S.A.;WMS SUPERMERC BRASIL LTDA;SANTO ANGELO;RS;IJU;50953;    11734,33;       2037,66;       1979,16;    237,50;      0,00;       1226,830;B.; 01;18/04/2026;17/04/2026;iju-maip;DAG - IJU;ENTREGUE EM 17/04/26 18:00H E FOI RECEBIDO POR PIETRA, PARENTESCO: , DOC N.: CARIMBO (OPC 038).;;;17/04/2026;17/04/2026;17/04/26;0;CTRC ENTREGUE/BAIXADO;;;;50953;;41260360881299000677550010000509531848769071 ;;125619761146-125619761291 ;
2;CTB011279-8;NORMAL;CTBP;10/04/26;10/04/26;60881299000677;CNA S.A.;ALMIRANTE TAMANDARE;PR;60881299000677;CNA S.A.;WMS SUPERMERCADOS DO BRASIL;LAJEADO;RS;LJE;50956;     5668,33;        410,95;        406,45;     48,77;      0,00;         87,500;B.; 01;17/04/2026;17/04/2026;crisrech;BRU - BRI;ENTREGUE EM 17/04/26 15:18H E FOI RECEBIDO POR ANA, PARENTESCO: , DOC N.: CARIMBO (OPC 038).;;;17/04/2026;17/04/2026;17/04/26;0;CTRC ENTREGUE/BAIXADO;;;;50956;;41260360881299000677550010000509561680524060 ;;125619761292-125619761320 ;
2;CTB011280-1;NORMAL;CTBP;10/04/26;10/04/26;60881299000677;CNA S.A.;ALMIRANTE TAMANDARE;PR;60881299000677;CNA S.A.;WMS SUPERMERCADOS DO BRASIL;LAJEADO;RS;LJE;50958;     5331,43;        882,92;        860,42;    103,25;      0,00;        416,170;B.; 01;17/04/2026;17/04/2026;crisrech;BRU - BRI;ENTREGUE EM 17/04/26 15:18H E FOI RECEBIDO POR ANA, PARENTESCO: , DOC N.: CARIMBO (OPC 038).;;;23/04/2026;;17/04/26;0;CTRC ENTREGUE/BAIXADO;;;;50958;;41260360881299000677550010000509581458917196 ;;125619761321-125619761381 ;
2;CTB011281-0;NORMAL;CTBP;10/04/26;10/04/26;60881299000677;CNA S.A.;ALMIRANTE TAMANDARE;PR;60881299000677;CNA S.A.;RAIA DROGASIL S/A;GRAVATAI;RS;POA;50961;    12597,84;        786,23;        759,23;     91,11;      0,00;        537,750;B.; 15;28/04/2026;28/04/2026;vitoriaa;DAG - THE;ENTREGA AGENDADA P/ 30/04/26 08:00 - CONTATO EMAIL, FONE 00000.;;;30/04/2026;30/04/2026;;0;DAG POA - NO ARMAZEM DA UNIDADE GRUPO DAGO PORTO ALEGRE;;;;50961;;41260360881299000677550010000509611105267758 ;;125619761382-125619761539 ;
2;CTB011282-8;NORMAL;CTBP;10/04/26;10/04/26;60881299000677;CNA S.A.;ALMIRANTE TAMANDARE;PR;60881299000677;CNA S.A.;RAIA DROGASIL S/A;GRAVATAI;RS;POA;50831;     5242,04;        502,88;        489,38;     58,73;      0,00;        231,100;B.; 01;16/04/2026;16/04/2026;lilianmf;DAG - POA;ENTREGUE EM 16/04/26 08:20H E FOI RECEBIDO POR ASSINADO E CARIMBADO, PARENTESCO: , DOC N.:  (OPC 038).;;;16/04/2026;16/04/2026;16/04/26;0;CTRC ENTREGUE/BAIXADO;;;;50831;;41260360881299000677550010000508311816013726 ;;125619764129-125619764191 ;
2;CTB011283-6;COMPLEMENTAR FRETE;CTBP;13/04/26;13/04/26;60881299000677;CNA S.A.;ALMIRANTE TAMANDARE;PR;60881299000677;CNA S.A.;SUPERMERCADO SUPERPAO LTDA;GUARAPUAVA;PR;PNG;49874;    29864,33;        329,71;        329,71;      0,00;      0,00;        523,990;B.; 93;13/04/2026;13/04/2026;;;CTRC EMITIDO P/ COMPL. DO CTB011168-6 CT-E 028 000017741 41260311758701000887570280000177411000634064 - ESTADIA;;;24/04/2026;;;0;CTRC ENTREGUE/BAIXADO;;;;49874;;41260360881299000677550010000498741854009069 ;;125619004563-125619004739 ;
2;CTB011284-4;COMPLEMENTAR FRETE;CTBP;13/04/26;13/04/26;60881299000677;CNA S.A.;ALMIRANTE TAMANDARE;PR;60881299000677;CNA S.A.;WMS SUPERMERCADOS DO BRASIL;BAGE;RS;FRO;48527;     9651,00;         70,34;         70,34;      8,44;      0,00;       1136,790;B.; 93;13/04/2026;13/04/2026;;;CTRC EMITIDO P/ COMPL. DO CTB011022-1 CT-E 028 000017579 41260311758701000887570280000175791000610404 - ;;;24/04/2026;;;0;CTRC ENTREGUE/BAIXADO;;;;49231, 48527;;41260260881299000677550010000492311289419609, 41260260881299000677550010000485271969026530 ;;125618235856-125618235862, 125618235863-125618236015 ;
2;CTB011285-2;COMPLEMENTAR FRETE;CTBP;13/04/26;13/04/26;60881299000677;CNA S.A.;ALMIRANTE TAMANDARE;PR;60881299000677;CNA S.A.;ATACADAO S/A;PORTO ALEGRE;RS;POA;50301;    15329,50;         32,98;         32,98;      3,96;      0,00;       1129,240;B.; 93;13/04/2026;13/04/2026;;;CTRC EMITIDO P/ COMPL. DO CTB011208-9 CT-E 028 000017781 41260311758701000887570280000177811000639576 - ;;;20/04/2026;;;0;CTRC ENTREGUE/BAIXADO;;;;50587, 50301;;41260360881299000677550010000505871694165011, 41260360881299000677550010000503011787315565 ;;125619119438-125619119596, 125619119597-125619119612 ;
2;CTB011286-1;COMPLEMENTAR FRETE;CTBP;13/04/26;13/04/26;60881299000677;CNA S.A.;ALMIRANTE TAMANDARE;PR;60881299000677;CNA S.A.;WMS SUPERMERCADOS DO BRASIL LTDA;SANTA MARIA;RS;FRO;48531;    12082,57;         90,12;         90,12;     10,81;      0,00;       1347,150;B.; 93;13/04/2026;13/04/2026;;;CTRC EMITIDO P/ COMPL. DO CTB011021-3 CT-E 028 000017578 41260311758701000887570280000175781000610393 - ;;;24/04/2026;;;0;CTRC ENTREGUE/BAIXADO;;;;48531, 49234, 48708;;41260260881299000677550010000485311561512105, 41260260881299000677550010000492341706284400, 41260260881299000677550010000487081224707558 ;;125618235663-125618235841, 125618235842-125618235848, 125618235849-125618235855 ;
2;CTB011290-9;NORMAL;CTBP;14/04/26;14/04/26;60881299000677;CNA S.A.;ALMIRANTE TAMANDARE;PR;60881299000677;CNA S.A.;ADELAR B GONCALVES E CIA LTDA;VACARIA;RS;CXJ;51082;     2894,92;        438,65;        429,65;     51,56;      0,00;        104,000;B.; 59;27/04/2026;27/04/2026;adrieli;CAM - VAC;Saida para entrega na cidade de VACARIA.;;;24/04/2026;;;3;CAM VAC-EM ENTREGA NA CIDADE DE VACARIA. VEICULO: LOU6887. ROMANEIO 000093-1. EMISSAO: 27/04/26;;;;51082;;41260360881299000677550010000510821317081823 ;;125619987692-125619987713 ;
2;CTB011291-7;CARGA FECHADA;CTBP;14/04/26;14/04/26;60881299000677;CNA S.A.;ALMIRANTE TAMANDARE;PR;60881299000677;CNA S.A.;DEOCLIDES CONSANTER E FILHO LTDA.;RODEIO BONITO;RS;FEC;50580;      712,85;        415,64;        411,14;     49,34;      0,00;         10,450;B.; 57;23/04/2026;23/04/2026;poa06;DAG - POA;Saida da unidade PORTO ALEGRE em 23/04/26, 17:23h. Previsao de chegada na cidade RODEIO BONITO em 24/04/26, 01:23h.;;;28/04/2026;;;1;DAG FEC - EM TRANSITO COM DESTINO A UNIDADE FECHADA;;;;50580;;41260360881299000677550010000505801772855784 ;;125619987714-125619987720 ;
2;CTB011292-5;CARGA FECHADA;CTBP;14/04/26;14/04/26;60881299000677;CNA S.A.;ALMIRANTE TAMANDARE;PR;60881299000677;CNA S.A.;SUPERMERCADO WAGNER LTDA;SARANDI;RS;FEC;50583;     6555,53;        415,42;        410,92;     49,31;      0,00;         90,750;B.; 57;23/04/2026;23/04/2026;poa06;DAG - POA;Saida da unidade PORTO ALEGRE em 23/04/26, 17:25h. Previsao de chegada na cidade SARANDI em 23/04/26, 23:25h.;;;27/04/2026;;;2;DAG FEC - EM TRANSITO COM DESTINO A UNIDADE FECHADA;;;;50583;;41260360881299000677550010000505831772070789 ;;125619988173-125619988205 ;
2;CTB011293-3;NORMAL;CTBP;14/04/26;14/04/26;60881299000677;CNA S.A.;ALMIRANTE TAMANDARE;PR;60881299000677;CNA S.A.;POLIANA R G REGINATTO;TRES PASSOS;RS;SRA;50590;     7229,52;        196,18;        187,18;     22,46;      0,00;        100,390;B.; 71;27/04/2026;27/04/2026;sra-rafa;DAG - SRA;Chegada na unidade SANTA ROSA em 27/04/26, 09:07h.;;;27/04/2026;;;2;DAG SRA - NO ARMAZEM DA UNIDADE GRUPO DAGO SANTA ROSA RS;;;;50590;;41260360881299000677550010000505901160041634 ;;125619988206-125619988247 ;
2;CTB011294-1;NORMAL;CTBP;14/04/26;14/04/26;60881299000677;CNA S.A.;ALMIRANTE TAMANDARE;PR;60881299000677;CNA S.A.;28.506.860 ESTER R;MARINGA;PR;PRI;51185;     2374,61;        135,30;        135,30;      0,00;      0,00;         35,110;B.; 57;29/04/2026;29/04/2026;douglas;LZE - PTS;Saida da unidade SAO JOSE DOS PINHAIS em 29/04/26, 03:25h. Previsao de chegada na unidade MARINGA em 29/04/26, 12:25h.;;;27/04/2026;;;2;LZE PTS-EM TRANSITO COM DESTINO A MARINGA;;;;51185;;41260360881299000677550010000511851604561581 ;;125619988332-125619988352 ;
2;CTB011295-0;NORMAL;CTBP;14/04/26;14/04/26;60881299000677;CNA S.A.;ALMIRANTE TAMANDARE;PR;83814814000600;MONIARI SUPERMERCADOS LTDA;MONIARI SUPERMERCADOS LTDA;ICARA;SC;CCM;51284;     2987,51;        359,39;        354,89;     42,59;      0,00;         44,400;C3; 01;23/04/2026;23/04/2026;diegosdc;DAG - CCM;ENTREGUE EM 23/04/26 10:00H E FOI RECEBIDO POR JOZELI, PARENTESCO: , DOC N.:  (OPC 038).;;;23/04/2026;23/04/2026;23/04/26;0;CTRC ENTREGUE/BAIXADO;;;;51284;;41260360881299000677550010000512841362062293 ;;125619988357-125619988379 ;
2;CTB011296-8;NORMAL;CTBP;14/04/26;14/04/26;60881299000677;CNA S.A.;ALMIRANTE TAMANDARE;PR;60881299000677;CNA S.A.;COOP AGRICOLA CAIRU LTDA;GARIBALDI;RS;CXJ;51081;     4240,96;        595,58;        582,08;     69,85;      0,00;        294,930;B.; 01;24/04/2026;24/04/2026;jenifer;CAM - CXS;ENTREGUE (SSWMOBILE);   -29,14839150;   -51,16488430;24/04/2026;24/04/2026;24/04/26;0;CTRC ENTREGUE/BAIXADO;;;;51081;;41260360881299000677550010000510811545286481 ;;125619988380-125619988411 ;
2;CTB011299-2;COMPLEMENTAR FRETE;CTBP;15/04/26;15/04/26;60881299000677;CNA S.A.;ALMIRANTE TAMANDARE;PR;60881299000677;CNA S.A.;WMS SUPERMERCADOS DO BRASIL LT;PELOTAS;RS;PET;50494;     3778,89;        329,71;        329,71;     39,57;      0,00;         61,430;B.; 93;15/04/2026;15/04/2026;;;CTRC EMITIDO P/ COMPL. DO CTB011229-1 CT-E 028 000017800 41260411758701000887570280000178001000644759 - ;;;27/04/2026;;;0;CTRC ENTREGUE/BAIXADO;;;;50494;;41260360881299000677550010000504941535045363 ;;125619378892-125619378911 ;
2;CTB011300-0;COMPLEMENTAR FRETE;CTBP;15/04/26;15/04/26;60881299000677;CNA S.A.;ALMIRANTE TAMANDARE;PR;60881299000677;CNA S.A.;W M S SUPERMERCADOS DO BRASIL;PORTO ALEGRE;RS;POA;50496;    24919,16;        158,28;        158,28;     18,99;      0,00;       2015,300;B.; 93;15/04/2026;15/04/2026;;;CTRC EMITIDO P/ COMPL. DO CTB011221-6 CT-E 028 000017793 41260411758701000887570280000177931000642156 - DESCARGA;;;23/04/2026;;;0;CTRC ENTREGUE/BAIXADO;;;;50874, 50875, 50496;;41260360881299000677550010000508741982416719, 41260360881299000677550010000508751328814937, 41260360881299000677550010000504961416513902 ;;125619183976-125619183979, 125619183980-125619184005, 125619184006-125619184336 ;
2;CTB011303-4;COMPLEMENTAR FRETE;CTBP;16/04/26;16/04/26;60881299000677;CNA S.A.;ALMIRANTE TAMANDARE;PR;60881299000677;CNA S.A.;RAUBER EAMP CIA LTDA.;BARROS CASSAL;RS;LJE;50193;      547,54;        329,71;        329,71;     39,57;      0,00;          8,570;B.; 93;16/04/2026;16/04/2026;;;CTRC EMITIDO P/ COMPL. DO CTB011185-6 CT-E 028 000017758 41260311758701000887570280000177581000636137 - ;;;08/05/2026;;;0;CTRC ENTREGUE/BAIXADO;;;;50193;;41260360881299000677550010000501931986295719 ;;125619048726-125619048730 ;
2;CTB011309-3;NORMAL;CTBP;17/04/26;17/04/26;60881299000677;CNA S.A.;ALMIRANTE TAMANDARE;PR;60881299000677;CNA S.A.;IVONETE MACEDO DA SILVEIRA;VACARIA;RS;CXJ;50964;     8830,59;        659,98;        646,48;     77,58;      0,00;        261,320;B.; 59;27/04/2026;27/04/2026;adrieli;CAM - VAC;Saida para entrega na cidade de VACARIA.;;;29/04/2026;;;0;CAM VAC-EM ENTREGA NA CIDADE DE VACARIA. VEICULO: LOU6887. ROMANEIO 000093-1. EMISSAO: 27/04/26;;;;50964;;41260360881299000677550010000509641266296425 ;;125620412527-125620412587 ;
2;CTB011310-7;NORMAL;CTBP;17/04/26;17/04/26;60881299000677;CNA S.A.;ALMIRANTE TAMANDARE;PR;60881299000677;CNA S.A.;SUPERMERCADO GUANABARA S/A;RIO GRANDE;RS;PET;50959;    34130,05;       1086,57;       1059,57;    127,15;      0,00;        558,970;B.; 53;23/04/2026;23/04/2026;pet-roge;DAG - PET;CHEGOU VOLUME VAZANDO PRODUTO;;;30/04/2026;30/04/2026;;0;DAG PET - NO ARMAZEM DA UNIDADE GRUPO DAGO PELOTAS RS;;;;50962, 50959, 50963;;41260360881299000677550010000509621632398260, 41260360881299000677550010000509591922079502, 41260360881299000677550010000509631166272144 ;;125620412629-125620412634, 125620412635-125620412711, 125620412712-125620412808 ;
2;CTB011313-1;NORMAL;CTBP;20/04/26;20/04/26;60881299000677;CNA S.A.;ALMIRANTE TAMANDARE;PR;9006278000221;ATACADO LITORAL LTDA;ATACADO LITORAL LTDA;SAO JOSE;SC;FLN;51559;     7963,38;        419,92;        410,92;     49,31;      0,00;        191,190;C.; 01;28/04/2026;27/04/2026;fln01;DAG - FLN;ENTREGUE EM 27/04/26 18:00H E FOI RECEBIDO POR WALLACY, PARENTESCO: , DOC N.: CARIMBO (OPC 038).;;;28/04/2026;;27/04/26;0;CTRC ENTREGUE/BAIXADO;;;;51559;;41260460881299000677550010000515591727058638 ;;125620519167-125620519225 ;
2;CTB011314-0;NORMAL;CTBP;20/04/26;20/04/26;60881299000677;CNA S.A.;ALMIRANTE TAMANDARE;PR;60881299000677;CNA S.A.;COOP.TRIT.FREDERICO WESTPHALEN LTDA;FREDERICO WESTPHALEN;RS;PFB;50873;     1471,91;        415,64;        411,14;     49,34;      0,00;         20,660;B.; 58;29/04/2026;29/04/2026;poa02;DAG - POA;Chegada na unidade PORTO ALEGRE em 29/04/26, 09:54h.;;;04/05/2026;;;0;DAG POA - NO ARMAZEM DA UNIDADE GRUPO DAGO PORTO ALEGRE;;;;50873;;41260360881299000677550010000508731406467603 ;;125620519226-125620519239 ;
2;CTB011315-8;COMPLEMENTAR FRETE;CTBP;22/04/26;22/04/26;60881299000677;CNA S.A.;ALMIRANTE TAMANDARE;PR;60881299000677;CNA S.A.;SUPERMERCADO SUPERPAO LTDA;GUARAPUAVA;PR;PNG;50434;    21085,61;        329,71;        329,71;      0,00;      0,00;        353,400;B.; 93;22/04/2026;22/04/2026;;;CTRC EMITIDO P/ COMPL. DO CTB011235-6 CT-E 028 000017806 41260411758701000887570280000178061000644825 - ESTADIA AUTORIZADA ;;;05/05/2026;;;0;CTRC ENTREGUE/BAIXADO;;;;50434, 50436;;41260360881299000677550010000504341267185140, 41260360881299000677550010000504361927173750 ;;125619379012-125619379083, 125619379084-125619379118 ;
2;CTB011316-6;COMPLEMENTAR FRETE;CTBP;22/04/26;22/04/26;60881299000677;CNA S.A.;ALMIRANTE TAMANDARE;PR;60881299000677;CNA S.A.;SUPERMERCADO GUGUY LTDA;ALTO PARANA;PR;MGA;50430;    10991,89;        329,71;        329,71;      0,00;      0,00;        174,870;B.; 93;22/04/2026;22/04/2026;;;CTRC EMITIDO P/ COMPL. DO CTB011237-2 CT-E 028 000017808 41260411758701000887570280000178081000644862 - ;;;06/05/2026;;;0;CTRC ENTREGUE/BAIXADO;;;;50430;;41260360881299000677550010000504301866999901 ;;125619380955-125619381020 ;
2;CTB011317-4;COMPLEMENTAR FRETE;CTBP;22/04/26;22/04/26;60881299000677;CNA S.A.;ALMIRANTE TAMANDARE;PR;60881299000677;CNA S.A.;ATACADAO SA;ESTRELA;RS;LJE;50825;    12774,69;        329,71;        329,71;     39,57;      0,00;        798,940;B.; 93;22/04/2026;22/04/2026;;;CTRC EMITIDO P/ COMPL. DO CTB011265-8 CT-E 028 000017836 41260411758701000887570280000178361000652355 - AUTORIZADA VIA EMAIL ;;;05/05/2026;;;0;CTRC ENTREGUE/BAIXADO;;;;50825, 50827;;41260360881299000677550010000508251968750424, 41260360881299000677550010000508271798656168 ;;125619685145-125619685164, 125619685165-125619685256 ;
2;CTB011318-2;COMPLEMENTAR FRETE;CTBP;22/04/26;22/04/26;60881299000677;CNA S.A.;ALMIRANTE TAMANDARE;PR;60881299000677;CNA S.A.;ATACADAO SA;ESTRELA;RS;LJE;50825;    12774,69;         70,34;         70,34;      8,44;      0,00;        798,940;B.; 93;22/04/2026;22/04/2026;;;CTRC EMITIDO P/ COMPL. DO CTB011265-8 CT-E 028 000017836 41260411758701000887570280000178361000652355 - AUTORIZADO VIA EMAIL ;;;05/05/2026;;;0;CTRC ENTREGUE/BAIXADO;;;;50825, 50827;;41260360881299000677550010000508251968750424, 41260360881299000677550010000508271798656168 ;;125619685145-125619685164, 125619685165-125619685256 ;
2;CTB011320-4;COMPLEMENTAR FRETE;CTBP;23/04/26;23/04/26;60881299000677;CNA S.A.;ALMIRANTE TAMANDARE;PR;60881299000677;CNA S.A.;MASTER ATS SUPERMERCADOS;ERECHIM;RS;ERM;50771;     5006,06;        329,71;        329,71;     39,57;      0,00;         69,680;B.; 93;23/04/2026;23/04/2026;;;CTRC EMITIDO P/ COMPL. DO CTB011264-0 CT-E 028 000017835 41260411758701000887570280000178351000652340 - AUTORIZADO NO EMAIL ;;;06/05/2026;;;0;CTRC ENTREGUE/BAIXADO;;;;50771;;41260360881299000677550010000507711973684784 ;;125619685122-125619685144 ;
2;CTB011321-2;NORMAL;CTBP;23/04/26;23/04/26;60881299000677;CNA S.A.;ALMIRANTE TAMANDARE;PR;60881299000677;CNA S.A.;HIPERSUL PRODUTOS DE LIMPEZA EIRELI;SANTA MARIA;RS;FRO;51618;     4325,66;        190,64;        186,14;     22,34;      0,00;         54,310;B.; 58;28/04/2026;28/04/2026;diegosdc;DAG - CCM;Chegada na unidade CRICIUMA em 28/04/26, 08:19h.;;;06/05/2026;;;0;DAG CCM - NO ARMAZEM DA UNIDADE GRUPO DAGO CRICIUMA / SC;;;;51618;;41260460881299000677550010000516181486796604 ;;125620640385-125620640403 ;
2;CTB011322-1;NORMAL;CTBP;23/04/26;23/04/26;60881299000677;CNA S.A.;ALMIRANTE TAMANDARE;PR;60881299000677;CNA S.A.;HIDROPLAN COM. DE PROD. E AP. QUIMICOS PROT. E LIM;PASSO FUNDO;RS;PFB;51617;     4316,52;        241,76;        232,76;     27,93;      0,00;        133,540;B.; 58;28/04/2026;28/04/2026;diegosdc;DAG - CCM;Chegada na unidade CRICIUMA em 28/04/26, 08:19h.;;;06/05/2026;;;0;DAG CCM - NO ARMAZEM DA UNIDADE GRUPO DAGO CRICIUMA / SC;;;;51617;;41260460881299000677550010000516171197440757 ;;125620640404-125620640428 ;
2;CTB011323-9;NORMAL;CTBP;23/04/26;23/04/26;60881299000677;CNA S.A.;ALMIRANTE TAMANDARE;PR;60881299000677;CNA S.A.;BASSO PANCOTTE CIA LTDA;NOVA ALVORADA;RS;PFB;51621;    11641,74;        502,36;        493,36;     59,20;      0,00;        150,340;B.; 58;28/04/2026;28/04/2026;diegosdc;DAG - CCM;Chegada na unidade CRICIUMA em 28/04/26, 08:19h.;;;05/05/2026;05/05/2026;;0;DAG CCM - NO ARMAZEM DA UNIDADE GRUPO DAGO CRICIUMA / SC;;;;51621;;41260460881299000677550010000516211828504356 ;;125620640434-125620640487 ;
2;CTB011325-5;COMPLEMENTAR FRETE;CTBP;24/04/26;24/04/26;60881299000677;CNA S.A.;ALMIRANTE TAMANDARE;PR;60881299000677;CNA S.A.;SUPERMERCADO OSANA LTDA;NOVO HAMBURGO;RS;QNS;50362;     2953,00;        208,82;        208,82;     25,06;      0,00;         61,050;B.; 93;24/04/2026;24/04/2026;;;CTRC EMITIDO P/ COMPL. DO CTB011213-5 CT-E 028 000017786 41260311758701000887570280000177861000639637 - CUSTO APROVADO DE TDE VIA E-MAIL;;;07/05/2026;;;0;CTRC ENTREGUE/BAIXADO;;;;50362;;41260360881299000677550010000503621674487080 ;;125619128257-125619128284 ;
2;CTB011328-0;NORMAL;CTBP;24/04/26;24/04/26;60881299000677;CNA S.A.;ALMIRANTE TAMANDARE;PR;60881299000677;CNA S.A.;MAURICIO SOUZA;TERRA BOA;PR;PRI;46028;     1639,44;        135,30;        135,30;      0,00;      0,00;         28,280;B.; 57;29/04/2026;29/04/2026;douglas;LZE - PTS;Saida da unidade SAO JOSE DOS PINHAIS em 29/04/26, 01:12h. Previsao de chegada na unidade CASCAVEL em 29/04/26, 11:12h.;;;08/05/2026;;;0;LZE PTS-EM TRANSITO COM DESTINO A CASCAVEL;;;;46028;053439  ;41260160881299000677550010000460281713219396 ;;125620690946-125620690955 ;
2;CTB011329-8;NORMAL;CTBP;24/04/26;24/04/26;60881299000677;CNA S.A.;ALMIRANTE TAMANDARE;PR;60881299000677;CNA S.A.;BATISTA E IZEPE LTDA;MARIALVA;PR;PRI;51817;     8374,22;        375,65;        375,65;      0,00;      0,00;        115,560;B.; 57;29/04/2026;29/04/2026;douglas;LZE - PTS;Saida da unidade SAO JOSE DOS PINHAIS em 29/04/26, 03:25h. Previsao de chegada na unidade MARINGA em 29/04/26, 12:25h.;;;11/05/2026;11/05/2026;;0;LZE PTS-EM TRANSITO COM DESTINO A MARINGA;;;;51817, 51825;;41260460881299000677550010000518171836351421, 41260460881299000677550010000518251469638376 ;;125620699472-125620699513, 125620699514-125620699542 ;
2;CTB011330-1;NORMAL;CTBP;24/04/26;24/04/26;60881299000677;CNA S.A.;ALMIRANTE TAMANDARE;PR;60881299000677;CNA S.A.;OLMARIO J SCHWERZ CIA LTDA;SANTA CRUZ DO SUL;RS;CSU;51769;    13139,53;        422,57;        409,07;     49,09;      0,00;        261,390;B.; 58;28/04/2026;28/04/2026;diegosdc;DAG - CCM;Chegada na unidade CRICIUMA em 28/04/26, 08:19h.;;;06/05/2026;;;0;DAG CCM - NO ARMAZEM DA UNIDADE GRUPO DAGO CRICIUMA / SC;;;;51769;;41260460881299000677550010000517691161310880 ;;125620699550-125620699627 ;
2;CTB011331-0;NORMAL;CTBP;24/04/26;24/04/26;60881299000677;CNA S.A.;ALMIRANTE TAMANDARE;PR;60881299000677;CNA S.A.;NICARETTA IRMAOS LTDA;SANTA CRUZ DO SUL;RS;CSU;51626;     3321,89;        415,64;        411,14;     49,34;      0,00;         41,890;B.; 58;28/04/2026;28/04/2026;diegosdc;DAG - CCM;Chegada na unidade CRICIUMA em 28/04/26, 08:19h.;;;06/05/2026;;;0;DAG CCM - NO ARMAZEM DA UNIDADE GRUPO DAGO CRICIUMA / SC;;;;51626;058344  ;41260460881299000677550010000516261694175996 ;;125620699670-125620699695 ;
2;CTB011332-8;NORMAL;CTBP;24/04/26;24/04/26;60881299000677;CNA S.A.;ALMIRANTE TAMANDARE;PR;60881299000677;CNA S.A.;TONELLO E MACHADO DA LUZ LTDA;CAMPO MOURAO;PR;PRI;51819;    41978,04;        948,49;        948,49;      0,00;      0,00;        665,400;B.; 57;29/04/2026;29/04/2026;douglas;LZE - PTS;Saida da unidade SAO JOSE DOS PINHAIS em 29/04/26, 03:25h. Previsao de chegada na unidade MARINGA em 29/04/26, 12:25h.;;;08/05/2026;;;0;LZE PTS-EM TRANSITO COM DESTINO A MARINGA;;;;51819;;41260460881299000677550010000518191273936148 ;;125620699696-125620699899 ;
2;CTB011333-6;NORMAL;CTBP;24/04/26;24/04/26;60881299000677;CNA S.A.;ALMIRANTE TAMANDARE;PR;60881299000677;CNA S.A.;VOVO JOAO LTDA.;VENTANIA;PR;PRI;51818;     2524,85;        113,30;        113,30;      0,00;      0,00;         42,900;B.; 57;27/04/2026;27/04/2026;sla-gabm;DAG - CTB;Saida da unidade SAO JOSE DOS PINHAIS em 27/04/26, 14:32h. Previsao de chegada na unidade SAO JOSE DOS PINHAIS em 27/04/26, 15:31h.;;;04/05/2026;;;0;DAG PRI - NO ARMAZEM DA UNIDADE GRUPO DAGO PARANA INTERIOR;;;;51818;;41260460881299000677550010000518181590786785 ;;125620700053-125620700072 ;
2;CTB011334-4;NORMAL;CTBP;24/04/26;24/04/26;60881299000677;CNA S.A.;ALMIRANTE TAMANDARE;PR;60881299000677;CNA S.A.;SUPERMERCADO BERTOLETTI  LTDA;FREDERICO WESTPHALEN;RS;PFB;50584;    11013,43;        600,74;        587,24;     70,47;      0,00;        218,240;B.; 58;28/04/2026;28/04/2026;diegosdc;DAG - CCM;Chegada na unidade CRICIUMA em 28/04/26, 08:19h.;;;07/05/2026;;;0;DAG CCM - NO ARMAZEM DA UNIDADE GRUPO DAGO CRICIUMA / SC;;;;50584;;41260360881299000677550010000505841752390670 ;;125620700827-125620700901 ;
2;CTB011340-9;NORMAL;CTBP;28/04/26;28/04/26;60881299000677;CNA S.A.;ALMIRANTE TAMANDARE;PR;60881299000677;CNA S.A.;HIPER SELECT SUPERMERCADOS LTDA;BIGUACU;SC;FLN;39781;     5415,50;        190,28;        190,28;     22,83;      0,00;        189,370;B.; 45;28/04/2026;28/04/2026;leandro;DAG - CTB;CT-e autorizado com 47 volumes e 189 Kg. Destino: SC/BIGUACU. Previsao de entrega: 06/05/26;;;06/05/2026;;;0;DAG CTB-CT-e autorizado com 47 volumes e 189 Kg. Destino: SC/BIGUACU. Previsao de entrega: 06/05/26;;;;39781;; ;;125620839021-125620839069 ;
2;CXJ007150-1;DEVOLUCAO;CXJP;06/04/26;06/04/26;323283000102;PRADO DISTRIB LOGISTICO LTDA;CAXIAS DO SUL;RS;60881299000677;CNA S.A.;CNA S.A.;ALMIRANTE TAMANDARE;PR;CTB;1501704;     3339,87;       3949,72;       3949,72;    473,97;      0,00;       2722,972;B.; 60;14/04/2026;14/04/2026;vitorian;DAG - GRU;MERCADORIA PALETIZADA PODENDO CONTER AVARIAS E FALTAS ;;;13/04/2026;;;11;DAG CTB - EM ENTREGA;;;;1505450, 1503099, 1503100, 1501704;;43260300323283000102550020015054501841247205, 43260300323283000102550020015030991126648170, 43260300323283000102550020015031001675953624, 43260200323283000102550020015017041706832890 ;;125619446292-125619446298, 125619446299-125619446319, 125619446320-125619446322, 125619446323-125619446356 ;
2;FRO007153-6;CORTESIA;FROI;07/04/26;07/04/26;93209765045307;WMS SUPERMERCADOS DO BRASIL;BAGE;RS;60881299000677;CNA S.A.;CNA S.A.;ALMIRANTE TAMANDARE;PR;CTB;38378;     1927,52;          0,01;          0,01;      0,00;      0,00;        372,600;B.; 45;07/04/2026;07/04/2026;taniacds;DAG - FRO;CT-e autorizado com 30 volumes e 373 Kg. Destino: PR/ALMIRANTE TAMANDARE. Previsao de entrega: 17/04/26;;;17/04/2026;;;7;DAG FRO-CT-e autorizado com 30 volumes e 373 Kg. Destino: PR/ALMIRANTE TAMANDARE. Previsao de entrega: 17/04/26;;;;38378;;43260393209765045307551010000383781751920640 ;;125619509183-125619509214 ;
2;FRO007154-4;CORTESIA;FROP;07/04/26;07/04/26;93209765045056;WMS SUPERMERCADOS DO BRASIL LTDA;SANTA MARIA;RS;60881299000677;CNA S.A.;CNA S.A.;ALMIRANTE TAMANDARE;PR;CTB;47147;       97,32;          0,01;          0,01;      0,00;      0,00;         12,580;B.; 45;07/04/2026;07/04/2026;taniacds;DAG - FRO;CT-e autorizado com 1 volume e 13 Kg. Destino: PR/ALMIRANTE TAMANDARE. Previsao de entrega: 17/04/26;;;17/04/2026;;;7;DAG FRO-CT-e autorizado com 1 volume e 13 Kg. Destino: PR/ALMIRANTE TAMANDARE. Previsao de entrega: 17/04/26;;;;47147;;43260393209765045056551010000471471751920640 ;;125619509315-125619509317 ;
2;FRO007177-3;DEVOLUCAO;FROP;17/04/26;17/04/26;89897201000651;RIGHI COM DE GEN ALIMENTICIOS LTDA(41826);SANTANA DO LIVRAMENTO;RS;60881299000677;CNA S.A.;CNA S.A.;ALMIRANTE TAMANDARE;PR;CTB;49980;     1081,85;        200,34;        200,34;     24,04;      0,00;         16,870;B.; 45;17/04/2026;17/04/2026;taniacds;DAG - FRO;CT-e autorizado com 5 volumes e 17 Kg. Destino: PR/ALMIRANTE TAMANDARE. Previsao de entrega: 30/04/26;;;30/04/2026;;;0;DAG FRO-CT-e autorizado com 5 volumes e 17 Kg. Destino: PR/ALMIRANTE TAMANDARE. Previsao de entrega: 30/04/26;;;;49980, 49988;;41260360881299000677550010000499801415851191, 41260360881299000677550010000499881493977708 ;;125620418908-125620418912, 125620418913-125620418916 ;
2;LJE007186-2;DEVOLUCAO;LJER;28/04/26;28/04/26;91165829000108;SINDICATO DOS TRAB.RURAIS LAJE;LAJEADO;RS;60881299000677;CNA S.A.;CNA S.A.;ALMIRANTE TAMANDARE;PR;CTB;47313;      865,48;        200,34;        200,34;     24,04;      0,00;         14,070;B.; 45;28/04/2026;28/04/2026;taniacds;DAG - LJE;CT-e autorizado com 4 volumes e 14 Kg. Destino: PR/ALMIRANTE TAMANDARE. Previsao de entrega: 11/05/26;;;11/05/2026;;;0;DAG LJE-CT-e autorizado com 4 volumes e 14 Kg. Destino: PR/ALMIRANTE TAMANDARE. Previsao de entrega: 11/05/26;;;;47313;;41260160881299000677550010000473131392325500 ;;125620817899-125620817904 ;
2;POA007164-1;DEVOLUCAO;POAP;14/04/26;14/04/26;61585865242244;RAIA DROGASIL S/A;GRAVATAI;RS;60881299000677;CNA S.A.;CNA S.A.;ALMIRANTE TAMANDARE;PR;CTB;49931;     5301,17;        188,42;        188,42;     22,61;      0,00;        122,800;B.; 58;28/04/2026;28/04/2026;dangomes;DAG - GRU;Chegada na unidade GUARULHOS em 28/04/26, 13:56h.;;;22/04/2026;;;5;DAG GRU - NO ARMAZEM DA UNIDADE GRUPO DAGO GUARULHOS;;;;49931;;41260360881299000677550010000499311534954518 ;;125619960960-125619961044 ;
2;SRA007171-4;DEVOLUCAO;SRAI;15/04/26;15/04/26;1874166002305;MASTER ATS SUPERMERCADOS LTDA;ERECHIM;RS;60881299000677;CNA S.A.;CNA S.A.;ALMIRANTE TAMANDARE;PR;CTB;158337;     6425,81;        951,77;        951,77;    114,21;      0,00;        628,560;B.; 58;28/04/2026;28/04/2026;diegosdc;DAG - CCM;Chegada na unidade CRICIUMA em 28/04/26, 07:45h.;;;28/04/2026;;;1;DAG CCM - NO ARMAZEM DA UNIDADE GRUPO DAGO CRICIUMA / SC;;;;158337;;43260401874166002305550020001583371816091470 ;;125620309879-125620310528 ;
9
